Order_ID,Order_Date,Product,Category,Quantity,Sales,Profit
1001,2026-01-05,Laptop,Electronics,2,120000,20000
1002,2026-01-06,Mouse,Electronics,5,5000,1500
1003,2026-01-07,Chair,Furniture,3,15000,3000
1004,2026-01-08,Keyboard,Electronics,4,8000,2000
1005,2026-01-09,Table,Furniture,2,18000,4000
1006,2026-01-10,Monitor,Electronics,2,30000,6000
1007,2026-01-11,Desk Lamp,Home Office,4,6000,1800
1008,2026-01-12,Headphones,Electronics,3,9000,2700
1009,2026-01-13,Office Chair,Furniture,2,22000,5000
1010,2026-01-14,Printer,Electronics,1,18000,3500
1011,2026-01-15,Notebook,Stationery,10,2000,600
1012,2026-01-16,Pen Set,Stationery,15,1500,450
1013,2026-01-17,Laptop Bag,Accessories,3,4500,1200
1014,2026-01-18,USB Cable,Accessories,10,3000,900
1015,2026-01-19,Webcam,Electronics,2,10000,2500
1016,2026-01-20,Bookshelf,Furniture,1,12000,2500
1017,2026-01-21,Keyboard,Electronics,6,12000,3000
1018,2026-01-22,Mouse,Electronics,8,8000,2400
1019,2026-01-23,Desk Lamp,Home Office,5,7500,2200
1020,2026-01-24,Notebook,Stationery,20,4000,1200
1021,2026-02-01,Laptop,Electronics,1,60000,10000
1022,2026-02-02,Monitor,Electronics,3,45000,9000
1023,2026-02-03,Chair,Furniture,4,20000,5000
1024,2026-02-04,Table,Furniture,3,27000,6000
1025,2026-02-05,Printer,Electronics,2,36000,7000
1026,2026-02-06,Headphones,Electronics,5,15000,4500
1027,2026-02-07,Pen Set,Stationery,25,2500,750
1028,2026-02-08,Laptop Bag,Accessories,4,6000,1600
1029,2026-02-09,USB Cable,Accessories,15,4500,1350
1030,2026-02-10,Office Chair,Furniture,2,22000,5000
1031,2026-02-11,Webcam,Electronics,3,15000,3750
1032,2026-02-12,Bookshelf,Furniture,2,24000,5000
1033,2026-02-13,Keyboard,Electronics,5,10000,2500
1034,2026-02-14,Mouse,Electronics,10,10000,3000
1035,2026-02-15,Notebook,Stationery,30,6000,1800
1036,2026-02-16,Desk Lamp,Home Office,3,4500,1350
1037,2026-02-17,Laptop,Electronics,2,120000,20000
1038,2026-02-18,Chair,Furniture,5,25000,6250
1039,2026-02-19,Table,Furniture,2,18000,4000
1040,2026-02-20,Mouse,Electronics,8,8000,2400
